file,segment_id,mean_velocity,mean_current
Trace_1028_162435.csv,0,270030.9534105744,0.6522074412532638
Trace_1028_162435.csv,1,270114.16515207716,0.667036290801187
Trace_1028_162435.csv,2,270021.90486111114,0.6853597333333333
Trace_1030_110641.csv,0,71991.89209139424,1.8335512019230769
Trace_1030_125850.csv,0,2152.530914049844,-0.03582461059190031
Trace_1030_125850.csv,1,2153.0958986875003,-0.0356245625
Trace_1028_162435.csv,0,270030.9534105744,0.6522074412532638
Trace_1028_162435.csv,1,270114.16515207716,0.667036290801187
Trace_1028_162435.csv,2,270021.90486111114,0.6853597333333333
Trace_1030_110641.csv,0,71991.89209139424,1.8335512019230769
Trace_1030_125850.csv,0,2152.530914049844,-0.03582461059190031
Trace_1030_125850.csv,1,2153.0958986875003,-0.0356245625
Trace_1028_162435.csv,0,270030.9534105744,0.6522074412532638
Trace_1028_162435.csv,1,270114.16515207716,0.667036290801187
Trace_1028_162435.csv,2,270021.90486111114,0.6853597333333333
Trace_1030_110641.csv,0,71991.89209139424,1.8335512019230769
Trace_1030_125850.csv,0,2152.530914049844,-0.03582461059190031
Trace_1030_125850.csv,1,2153.0958986875003,-0.0356245625
Trace_1028_162435.csv,0,270030.9534105744,0.6522074412532638
Trace_1028_162435.csv,1,270114.16515207716,0.667036290801187
Trace_1028_162435.csv,2,270021.90486111114,0.6853597333333333
Trace_1030_110641.csv,0,71991.89209139424,1.8335512019230769
Trace_1030_125850.csv,0,2152.530914049844,-0.03582461059190031
Trace_1030_125850.csv,1,2153.0958986875003,-0.0356245625
Trace_1028_161651.csv,0,134967.95861582647,1.0509192561983471
Trace_1028_161651.csv,1,135012.7036260993,1.0569066312056739
Trace_1028_161651.csv,2,135006.3502511947,1.0588743805309735
Trace_1028_161651.csv,3,134995.94688988145,1.059465375494071
Trace_1028_161651.csv,4,134960.24902593752,1.0604664285714285
Trace_1028_161651.csv,5,134945.8115226403,1.0643501320132014
Trace_1028_161651.csv,6,134936.70644374102,1.0714872661870505
Trace_1028_161651.csv,7,134931.77323089287,1.0737758035714287
Trace_1028_161651.csv,8,134940.46905789062,1.07608953125
Trace_1028_161651.csv,9,134946.6465283511,1.0804233510638297
Trace_1028_161651.csv,10,134986.8977953147,1.078000811188811
Trace_1028_161651.csv,11,135001.18879334783,1.0750328695652174
Trace_1028_161651.csv,12,135005.18865987656,1.071923086419753
Trace_1028_161651.csv,13,135013.9863852514,1.0723729608938548
Trace_1028_161651.csv,14,135019.63751028135,1.0648718158567776
Trace_1028_161651.csv,15,135003.795836,1.0643555238095237
Trace_1028_161651.csv,16,135008.51585590243,1.067543512195122
Trace_1028_161651.csv,17,135010.76258053942,1.0642785892116182
Trace_1028_161651.csv,18,135010.46844603922,1.062857568627451
Trace_1028_161651.csv,19,135008.60263835877,1.0633929770992367
Trace_1028_161651.csv,20,135001.38739680452,1.0616065789473683
Trace_1028_161651.csv,21,134989.43637204255,1.0611265957446807
Trace_1028_161651.csv,22,134973.40381035296,1.0623519831932773
Trace_1028_161651.csv,23,134948.9399148772,1.0613058947368421
Trace_1028_161651.csv,24,134939.7490128507,1.0620678733031674
Trace_1028_161651.csv,25,134935.57961231406,1.0632495041322314
Trace_1028_161651.csv,26,134932.68271198112,1.0668415566037737
Trace_1028_161651.csv,27,134921.49729381982,1.0702501175318315
Trace_1028_161651.csv,28,134923.55643456313,1.0705247572815535
Trace_1028_161651.csv,29,720.8084974623117,0.17061324120603016
Trace_1028_161651.csv,30,720.1967855059523,0.05065133928571429
Trace_1028_161651.csv,31,719.9502406837606,0.02173487179487179
Trace_1028_161651.csv,32,719.0777479464286,0.01344691964285715
Trace_1028_161651.csv,33,720.2075551652894,0.017605413223140503
Trace_1028_161651.csv,34,720.9038371190476,0.00900269047619049
Trace_1028_161651.csv,35,720.180256489796,0.016134448979591837
Trace_1028_161651.csv,36,721.4186065873015,0.00651035714285715
Trace_1028_161651.csv,37,720.2190147410358,0.010509163346613547
Trace_1028_161651.csv,38,719.916426574803,0.014674330708661422
Trace_1028_161651.csv,39,719.8842010679613,-0.0006347087378640773
Trace_1028_161651.csv,40,720.4823698076923,0.011782083333333334
Trace_1028_161651.csv,41,720.1109908831909,0.007420000000000002
Trace_1028_161651.csv,42,719.827767783019,0.0012697169811320744
Trace_1028_161651.csv,43,719.6558077828054,0.0101493665158371
Trace_1028_161651.csv,44,720.029241297071,0.011584184100418423
Trace_1028_162435.csv,0,270057.2986738513,0.6724051832731027
Trace_1028_162435.csv,1,270068.7057335719,0.6747513610930383
Trace_1028_162435.csv,2,405082.9174270073,0.6197686374695864
Trace_1028_162435.csv,3,405061.9948326772,0.6101478477690288
Trace_1028_162435.csv,4,405056.507257109,0.6126708056872038
Trace_1028_162435.csv,5,405075.1588092672,0.605223448275862
Trace_1028_162435.csv,6,405094.64669117646,0.5895770588235295
Trace_1028_162435.csv,7,404991.18140479876,0.59902826625387
Trace_1028_162435.csv,8,404995.651144802,0.6034320297029703
Trace_1028_162435.csv,9,405111.77217741933,0.6310523963133642
Trace_1028_162435.csv,10,405109.33152173914,0.586466425120773
Trace_1028_162435.csv,11,405006.1920362903,0.6221703629032258
Trace_1028_162435.csv,12,405014.40014250815,0.580013648208469
Trace_1028_162435.csv,13,405022.7725826972,0.567467582697201
Trace_1030_110641.csv,0,72001.50831365158,1.765125029527559
Trace_1030_110641.csv,1,72007.66406384298,1.7815578925619833
Trace_1030_110641.csv,2,72002.46711916449,1.8001293733681463
Trace_1030_110641.csv,3,71998.2468561039,1.8118008225108224
Trace_1030_110641.csv,4,72004.13278969418,1.8164545565749235
Trace_1030_110641.csv,5,71991.22534394606,1.8372539105748757
Trace_1030_122711.csv,0,72006.94274310138,1.8638455412371135
Trace_1030_122711.csv,1,71998.67529857143,1.889221238095238
Trace_1030_122711.csv,2,71988.41350033654,1.8702408173076923
Trace_1030_122711.csv,3,71998.8329553133,1.8726988145639292
Trace_1030_123420.csv,0,720.2629204329005,0.15302073593073595
Trace_1030_123420.csv,1,719.9574947222222,0.08910444444444444
Trace_1030_123420.csv,2,720.0851217062938,0.03874602797202797
Trace_1030_123420.csv,3,720.2256041342756,0.024239858657243818
Trace_1030_123420.csv,4,719.9826043076924,0.01691537062937063
Trace_1030_123420.csv,5,720.0985422260273,0.014200136986301376
Trace_1030_123420.csv,6,720.1034319038462,0.010697903846153843
Trace_1030_123420.csv,7,719.9923558763838,0.013827223247232474
Trace_1030_123530.csv,0,719.8353427613941,0.012116273458445046
Trace_1030_123530.csv,1,719.7174057142856,0.010924571428571424
Trace_1030_123530.csv,2,720.0692071367216,0.011661324266284894
Trace_1030_123530.csv,3,720.3337661913358,0.010253898916967513
Trace_1030_123530.csv,4,720.3735451327433,0.012522654867256637
Trace_1030_123530.csv,5,720.0980711235954,0.010657134831460665
Trace_1030_123530.csv,6,719.9942882284981,0.011477946084724007
Trace_1030_123530.csv,7,720.2995221629213,0.008720000000000002
Trace_1030_123530.csv,8,720.1397606923077,0.008952435897435902
Trace_1030_123530.csv,9,719.976746988417,0.01204532818532819
Trace_1030_123530.csv,10,720.0134496479648,0.010925203520352037
Trace_1030_123701.csv,0,720.0258745132743,0.011002433628318575
Trace_1030_123701.csv,1,720.021923484536,0.012119835051546393
Trace_1030_123701.csv,2,719.7959345360824,0.010650309278350518
Trace_1030_123701.csv,3,720.1073607090909,0.012043781818181817
Trace_1030_123701.csv,4,720.2974205019304,0.011104942084942088
Trace_1030_123727.csv,0,719.9189938012618,0.011155520504731863
Trace_1030_123727.csv,1,719.7299668226121,0.013401910331384017
Trace_1030_123752.csv,0,720.0523704123713,0.010879209621993128
Trace_1030_123752.csv,1,719.832491139748,0.013532468499427262
Trace_1030_123912.csv,0,1436.7918589215687,0.009613235294117645
Trace_1030_123912.csv,1,1436.8275079272726,0.0067582909090909095
Trace_1030_123912.csv,2,1437.1166863366338,0.00604069306930693
Trace_1030_123937.csv,0,1800.2952373161766,0.012940073529411764
Trace_1030_123937.csv,1,1799.8526273359073,0.01566772200772201
Trace_1030_123937.csv,2,1800.1224375714285,0.012956742857142857
Trace_1030_123937.csv,3,1800.2063653020136,0.0158456711409396
Trace_1030_124002.csv,0,2172.8166513067,0.06224673741156887
Trace_1030_124027.csv,0,2520.0970688557213,0.01661771144278607
Trace_1030_124027.csv,1,2520.0018452506597,0.014380079155672826
Trace_1030_124027.csv,2,2520.2192110693645,0.014202976878612716
Trace_1030_124027.csv,3,2519.954443302752,0.013605504587155964
Trace_1030_124027.csv,4,2520.2447933158815,0.014987015706806283
Trace_1030_124052.csv,0,2885.549522008547,0.011371538461538457
Trace_1030_124052.csv,1,2885.6738146221246,0.015159244249726176
Trace_1030_124052.csv,2,2885.9295667405063,0.016946677215189873
Trace_1030_124052.csv,3,2885.6962854440153,0.015549034749034747
Trace_1030_124117.csv,0,3227.7436827666666,0.02538686666666667
Trace_1030_124117.csv,1,3227.948795982854,0.028909412124923452
Trace_1030_124154.csv,0,3600.0632973275865,0.011612887931034483
Trace_1030_124244.csv,0,10778.839755646552,0.004386379310344827
Trace_1030_124540.csv,0,35990.3465972549,-0.048111372549019614
Trace_1030_124540.csv,1,35997.37016737289,-0.027372966101694915
Trace_1030_124540.csv,2,35988.37883192771,-0.02546812048192771
Trace_1030_124748.csv,0,324047.32912561577,0.5917839408866995
Trace_1030_124839.csv,0,468018.09061004786,0.7748690909090908
Trace_1030_124904.csv,0,540067.6911764706,0.9124066274509804
Trace_1030_124904.csv,1,540125.2005208334,0.9224242083333333
Trace_1030_125002.csv,0,468009.59914841846,0.7190020194647202
Trace_1030_125002.csv,1,468019.0849820144,0.7307198201438848
Trace_1030_125027.csv,0,396027.9882246377,0.5874073913043478
Trace_1030_125052.csv,0,324023.47486979165,0.5800397916666665
Trace_1030_125117.csv,0,252014.7887642628,0.6603086217948718
Trace_1030_125233.csv,0,35998.63228499999,0.020646261261261258
Trace_1030_125233.csv,1,35986.412385270756,0.022460685920577612
Trace_1030_125558.csv,0,10814.22048770563,0.021595454545454546
Trace_1030_125558.csv,1,10804.306376695276,0.01068287553648069
Trace_1030_125649.csv,0,3600.3266551091706,0.012973886462882098
Trace_1030_125734.csv,0,3195.297873518518,0.03205527777777778
Trace_1030_125734.csv,1,3195.1538229523803,0.03376464285714286
Trace_1030_125734.csv,2,3195.872531518987,0.032587120253164556
Trace_1030_125800.csv,0,2885.2025725,0.011476951219512194
Trace_1030_125800.csv,1,2885.190990486891,0.009984887640449434
Trace_1030_125800.csv,2,2885.6919199621216,0.008311742424242425
Trace_1030_125825.csv,0,2520.195575008347,0.01731958263772955
Trace_1030_125825.csv,1,2519.6679627635326,0.01437287749287749
Trace_1030_125825.csv,2,2519.9197651959544,0.014807332490518329
Trace_1030_125825.csv,3,2519.876083168316,0.013172534653465346
Trace_1030_125850.csv,0,2152.545067883818,-0.03494951452282158
Trace_1030_125915.csv,0,1800.2031877551021,0.016944399092970523
Trace_1030_125915.csv,1,1800.0614693404634,0.014215561497326204
Trace_1030_125940.csv,0,1436.7479298253274,0.00031314410480349705
Trace_1030_125940.csv,1,1436.6956781132078,0.0004837264150943387
Trace_1030_130005.csv,0,1078.1579507188499,-0.04426297124600639
Trace_1030_130005.csv,1,1078.5313205063292,-0.04104835443037975
Trace_1030_130005.csv,2,1078.2529093822393,-0.044856100386100384
Trace_1030_130005.csv,3,1078.1453779717456,-0.04512856710393542
Trace_1030_130030.csv,0,720.1013169691923,0.010701149042464612
Trace_1030_130055.csv,0,359.8359073364486,0.013807507788161996
Trace_1030_130055.csv,1,359.980423553137,0.009861658130601792
Trace_1030_130055.csv,2,360.26215921568627,0.001947009803921567
Trace_1028_161651.csv,0,134952.49916429268,1.047748731707317
Trace_1028_161651.csv,1,134964.9834402,1.0518161428571429
Trace_1028_161651.csv,2,134985.07642797584,1.056338157099698
Trace_1028_161651.csv,3,134987.00323136666,1.0618089333333334
Trace_1028_161651.csv,4,134997.94677070345,1.062965228136882
Trace_1028_161651.csv,5,135014.2893281386,1.0603756039603958
Trace_1028_161651.csv,6,135015.97429944275,1.0584642724458206
Trace_1028_161651.csv,7,134998.0286189377,1.0588047906026559
Trace_1028_161651.csv,8,134978.67038443687,1.063256518771331
Trace_1028_161651.csv,9,134971.0093566221,1.059110033444816
Trace_1028_161651.csv,10,134965.39722373706,1.059141384083045
Trace_1028_161651.csv,11,134959.0657508684,1.0610295263157896
Trace_1028_161651.csv,12,134954.77993898233,1.0638877876106196
Trace_1028_161651.csv,13,134942.97127926588,1.066754494047619
Trace_1028_161651.csv,14,134932.1365911667,1.0733274027777777
Trace_1028_161651.csv,15,134933.49404368072,1.075329733924612
Trace_1028_161651.csv,16,134943.20061218552,1.0783463219616205
Trace_1028_161651.csv,17,134959.83021084062,1.080115086956522
Trace_1028_161651.csv,18,134988.55089968102,1.0779512537091989
Trace_1028_161651.csv,19,135015.66191618014,1.0694484615384614
Trace_1028_161651.csv,20,135003.36823260298,1.0642059472817134
Trace_1028_161651.csv,21,134987.13985651947,1.064342051948052
Trace_1028_161651.csv,22,134978.79506199172,1.0660869294605808
Trace_1028_161651.csv,23,134968.42141450619,1.0636116419753088
Trace_1028_161651.csv,24,134958.20312738096,1.0628779523809524
Trace_1028_161651.csv,25,134950.34998694583,1.0626304926108374
Trace_1028_161651.csv,26,134941.11845476192,1.0663572857142858
Trace_1028_161651.csv,27,134927.5255785095,1.0756803794037941
Trace_1028_161651.csv,28,134922.52920087543,1.0762370033670032
Trace_1028_161651.csv,29,134925.5236283735,1.0768224096385541
Trace_1028_161651.csv,30,134931.24221607027,1.0786746655518393
Trace_1028_161651.csv,31,134939.60602928573,1.0820921164021164
Trace_1028_161651.csv,32,134945.25401651376,1.0783063302752294
Trace_1028_161651.csv,33,134950.2081883401,1.0790986234817812
Trace_1028_161651.csv,34,134959.56057468086,1.076507234042553
Trace_1028_161651.csv,35,134969.110874229,1.0769477803738317
Trace_1028_161651.csv,36,134986.55089320097,1.0759594392523366
Trace_1028_161651.csv,37,135004.29518254718,1.0698764150943394
Trace_1028_161651.csv,38,135008.73094420406,1.0671617488789236
Trace_1028_161651.csv,39,134999.80626146361,1.0624880028839223
Trace_1028_161651.csv,40,134951.33876073922,1.0631302189086294
Trace_1028_161651.csv,41,134921.6305669173,1.0704748051948052
Trace_1028_161651.csv,42,720.8843178925035,0.17261605374823197
Trace_1028_161651.csv,43,719.7849015194347,0.08457664310954065
Trace_1028_161651.csv,44,720.185562216495,0.054632164948453625
Trace_1028_161651.csv,45,719.7303716988416,0.03683884169884169
Trace_1028_161651.csv,46,719.7445456617647,0.029338566176470588
Trace_1028_161651.csv,47,720.2015415270098,0.020243977031050613
Trace_1028_161651.csv,48,720.1746131843576,0.017686648044692745
Trace_1028_161651.csv,49,721.0958318119266,0.006843830275229363
Trace_1028_161651.csv,50,720.284609935806,0.012919800285306704
Trace_1028_161651.csv,51,720.5311993486589,0.007818007662835243
Trace_1028_161651.csv,52,720.457403853211,0.009736651376146791
Trace_1028_161651.csv,53,720.3018615090542,0.010974346076458755
Trace_1028_161651.csv,54,720.3194492912945,0.007950814732142856
Trace_1028_161651.csv,55,720.2310935475305,0.008304434413170473
Trace_1028_161651.csv,56,720.7123425461255,0.011180885608856087
Trace_1028_161651.csv,57,720.3304099518074,0.01114322891566265
Trace_1028_161651.csv,58,720.9566223989899,0.010959393939393935
Trace_1028_161651.csv,59,719.9705898861048,0.010213257403189074
Trace_1028_162435.csv,0,270066.4053894316,0.6742382863971734
Trace_1028_162435.csv,1,405066.55409946234,0.6127110835401158
Trace_1028_162435.csv,2,404971.1340565287,0.6209166560509554
Trace_1028_162435.csv,3,405069.87048410403,0.6153456213872832
Trace_1028_162435.csv,4,404975.8049674267,0.5720559934853421
Trace_1028_162435.csv,5,405068.2732892954,0.593739810298103
Trace_1028_162435.csv,6,405022.77124051924,0.6184305017502918
Trace_1028_162435.csv,7,405094.8052602639,0.583833724340176
Trace_1028_162435.csv,8,405075.46952351485,0.6483440594059406
Trace_1028_162435.csv,9,404996.14196047006,0.5888330341880341
Trace_1028_162435.csv,10,404999.8756918819,0.597308819188192
Trace_1028_162435.csv,11,405076.5972814499,0.6069261194029851
Trace_1028_162435.csv,12,404996.64454908675,0.5978870471841704
Trace_1028_162435.csv,13,405101.0311028258,0.5445638461538461
Trace_1028_162435.csv,14,405102.1967697539,0.600816567357513
Trace_1028_162435.csv,15,405068.98598251026,0.5299009465020574
Trace_1028_162435.csv,16,405022.69391391106,0.6064097833523375
Trace_1028_162435.csv,17,405039.86864481063,0.5940722580645161
Trace_1028_162435.csv,18,405112.41336495534,0.6037900446428571
Trace_1028_162435.csv,19,405137.5001298477,0.5979540443213296
Trace_1028_162435.csv,20,405072.01970954356,0.5484458921161826
Trace_1028_162435.csv,21,405039.13796680496,0.59988
Trace_1028_162435.csv,22,405134.89817533555,0.6157418120805369
Trace_1030_110641.csv,0,72002.40020147162,1.7776606737588654
Trace_1030_110641.csv,1,72003.93170329512,1.8169246991404011
Trace_1030_110641.csv,2,71991.74107338271,1.8385911315165877
Trace_1030_122711.csv,0,72004.30287650057,1.870931111111111
Trace_1030_122711.csv,1,71988.97522816241,1.8712938034188034
Trace_1030_122711.csv,2,71993.11806467289,1.8815119626168224
Trace_1030_122711.csv,3,71999.05154730554,1.8725603419767005
Trace_1030_123420.csv,0,720.0595044287751,0.03619334495325622
Trace_1030_123530.csv,0,720.0474385947142,0.01097723848710239
Trace_1030_123701.csv,0,720.0283911060291,0.010907347193347195
Trace_1030_123727.csv,0,719.879581535596,0.011547251655629137
Trace_1030_123752.csv,0,719.9206091897478,0.012192182720132286
Trace_1030_123912.csv,0,1437.2131044793716,0.006456571709233793
Trace_1030_123912.csv,1,1437.0425614772726,0.003184886363636363
Trace_1030_123912.csv,2,1437.2287771899228,0.007437073643410854
Trace_1030_123912.csv,3,1437.0199578169013,0.009549929577464788
Trace_1030_123937.csv,0,1800.2115035803533,0.013782774666092202
Trace_1030_124002.csv,0,2172.8036999087894,0.06220577529021558
Trace_1030_124027.csv,0,2520.203720932286,0.013386182531894013
Trace_1030_124027.csv,1,2520.1184590802673,0.013597775919732442
Trace_1030_124027.csv,2,2520.3301266666667,0.014501515151515149
Trace_1030_124052.csv,0,2885.617990079035,0.01516130615640599
Trace_1030_124117.csv,0,3227.8519216069944,0.0278599417152373
Trace_1030_124154.csv,0,3599.814082491228,0.0254280350877193
Trace_1030_124154.csv,1,3601.0117681165916,0.014093139013452917
Trace_1030_124154.csv,2,3600.855166058823,0.013013470588235296
Trace_1030_124154.csv,3,3600.277109908536,0.013239420731707316
Trace_1030_124154.csv,4,3600.672649789474,0.00992119298245614
Trace_1030_124154.csv,5,3600.5614526666664,0.01315925
Trace_1030_124219.csv,0,7192.497291417625,0.0036244061302681996
Trace_1030_124219.csv,1,7193.134267751004,0.00563132530120482
Trace_1030_124219.csv,2,7192.935470784313,0.005478562091503268
Trace_1030_124219.csv,3,7192.093463074325,0.006486621621621622
Trace_1030_124219.csv,4,7191.9806190232575,0.007928790697674418
Trace_1030_124244.csv,0,10777.502384510557,0.00356725527831094
Trace_1030_124244.csv,1,10788.964747167382,0.009021759656652362
Trace_1030_124334.csv,0,18000.084449682538,-0.0007244126984126974
Trace_1030_124334.csv,1,18007.905051824684,-0.008378372093023256
Trace_1030_124359.csv,0,21722.323242403843,-0.01674903846153846
Trace_1030_124359.csv,1,21650.416765311475,0.005580590163934427
Trace_1030_124359.csv,2,21601.63528509009,0.005057477477477478
Trace_1030_124359.csv,3,21593.12281233083,0.006948383458646617
Trace_1030_124450.csv,0,28760.969726635798,-0.016314228395061726
Trace_1030_124515.csv,0,32448.16352149813,-0.036292209737827714
Trace_1030_124515.csv,1,32400.80139949367,-0.03163789029535865
Trace_1030_124515.csv,2,32400.62018425036,-0.020671892285298397
Trace_1030_124515.csv,3,32382.4982538448,-0.006786172839506175
Trace_1030_124515.csv,4,32397.78957977124,-0.0014576797385620938
Trace_1030_124540.csv,0,35987.923878255184,-0.03460797079169869
Trace_1030_124540.csv,1,35996.38837660147,-0.029129022004889978
Trace_1030_124633.csv,0,107965.8277701303,1.5498428338762213
Trace_1030_124633.csv,1,107943.13094013574,1.5625030316742081
Trace_1030_124633.csv,2,107946.08265774278,1.5787047244094488
Trace_1030_124633.csv,3,107919.59753421054,1.5742805263157895
Trace_1030_124633.csv,4,107920.41113780878,1.5815120717131472
Trace_1030_124658.csv,0,180006.23376459384,0.888226974789916
Trace_1030_124658.csv,1,180010.36511761908,0.5100970408163265
Trace_1030_124658.csv,2,180008.08989918922,0.3613375675675675
Trace_1030_124723.csv,0,252002.16021663844,0.6698911627906977
Trace_1030_124723.csv,1,252001.98126593212,0.6588351694915254
Trace_1030_124723.csv,2,252003.8041475368,0.6573561684210527
Trace_1030_124748.csv,0,324061.52938911703,0.5913524024640656
Trace_1030_124748.csv,1,324014.2735745614,0.6535247368421052
Trace_1030_124748.csv,2,324073.5420115894,0.5769942715231788
Trace_1030_124748.csv,3,324070.61499505927,0.6012623320158103
Trace_1030_124814.csv,0,396020.4557669082,0.589859500805153
Trace_1030_124814.csv,1,396007.24899517687,0.5772354340836012
Trace_1030_124814.csv,2,396018.9195823928,0.6254535214446953
Trace_1030_124839.csv,0,468015.52119360905,0.7494217593984963
Trace_1030_124839.csv,1,468018.8480960265,0.7432973841059602
Trace_1030_124839.csv,2,468020.2804742908,0.8100223758865248
Trace_1030_124904.csv,0,540064.1067176871,0.9347619047619049
Trace_1030_124904.csv,1,540058.901459854,0.9151162627737226
Trace_1030_124904.csv,2,540098.0698070375,0.9345661861520997
Trace_1030_125002.csv,0,468007.7098214286,0.7282123458646617
Trace_1030_125002.csv,1,468031.1919064748,0.7670567625899282
Trace_1030_125027.csv,0,396020.53631465515,0.5719203448275862
Trace_1030_125027.csv,1,396021.9082740916,0.5791595734597157
Trace_1030_125027.csv,2,396025.98040334857,0.5775117047184171
Trace_1030_125052.csv,0,324114.4900102459,0.5648054918032787
Trace_1030_125052.csv,1,324074.08596491226,0.6247958947368422
Trace_1030_125052.csv,2,324006.2558962264,0.5880359119496854
Trace_1030_125052.csv,3,323969.07839721255,0.656062369337979
Trace_1030_125052.csv,4,323985.6894157088,0.614792681992337
Trace_1030_125117.csv,0,252013.8987884959,0.6592032561983471
Trace_1030_125117.csv,1,252021.55376436014,0.6861735071090047
Trace_1030_125117.csv,2,252022.6748907154,0.66532399688958
Trace_1030_125142.csv,0,180020.3679054945,0.7158667765567766
Trace_1030_125142.csv,1,180013.79983019686,0.6566738188976378
Trace_1030_125142.csv,2,180013.9166435468,0.6937300000000002
Trace_1030_125208.csv,0,108031.14021076595,1.6604728936170214
Trace_1030_125208.csv,1,107999.2176932266,1.6264878325123153
Trace_1030_125208.csv,2,107992.19467091773,1.6259985126582277
Trace_1030_125208.csv,3,108021.97409251165,1.6237061395348835
Trace_1030_125208.csv,4,108023.20563362792,1.6163609302325581
Trace_1030_125233.csv,0,36006.06233878788,0.1529828708133971
Trace_1030_125233.csv,1,35990.95004144268,0.04847562252964427
Trace_1030_125233.csv,2,35977.55321474796,0.02392995121951219
Trace_1030_125327.csv,0,32354.08353396154,-0.0753955576923077
Trace_1030_125353.csv,0,28768.230417168143,0.009664203539823007
Trace_1030_125353.csv,1,28780.782429851482,-0.013883069306930689
Trace_1030_125353.csv,2,28763.703453242186,-0.020988398437499996
Trace_1030_125418.csv,0,25177.20017195122,-0.004351658536585366
Trace_1030_125418.csv,1,25191.660676558444,-0.009646525974025974
Trace_1030_125508.csv,0,18003.760623301285,-0.008060192307692308
Trace_1030_125508.csv,1,18011.890369873414,-0.007701265822784814
Trace_1030_125558.csv,0,10813.825608779529,0.018953523622047243
Trace_1030_125558.csv,1,10803.252452180686,0.01020582554517134
Trace_1030_125558.csv,2,10812.950001551724,0.010217011494252875
Trace_1030_125558.csv,3,10815.091694585635,0.007747099447513813
Trace_1030_125623.csv,0,7202.705117247707,0.0267494128440367
Trace_1030_125623.csv,1,7199.539362961373,0.006997296137339056
Trace_1030_125649.csv,0,3600.84707875,0.027311666666666668
Trace_1030_125649.csv,1,3600.663593458445,0.015731689008042896
Trace_1030_125649.csv,2,3600.428148741721,0.013522119205298014
Trace_1030_125649.csv,3,3600.5575939366518,0.012028597285067872
Trace_1030_125649.csv,4,3600.5940326692457,0.012594235976789167
Trace_1030_125734.csv,0,3195.0193999068324,0.032568571428571426
Trace_1030_125734.csv,1,3195.1620648914613,0.03131800289435601
Trace_1030_125734.csv,2,3195.234898448276,0.03255838793103448
Trace_1030_125800.csv,0,2885.2274441604345,0.010239850441876275
Trace_1030_125800.csv,1,2885.4160270934694,0.00907865556978233
Trace_1030_125825.csv,0,2520.2122416499997,0.017269350000000003
Trace_1030_125825.csv,1,2519.887150309906,0.01387143884892086
Trace_1030_125850.csv,0,2152.545067883818,-0.03494951452282158
Trace_1030_125915.csv,0,1800.151683383346,0.014936601650412603
Trace_1030_125915.csv,1,1799.9954631305638,0.013357448071216619
Trace_1030_125940.csv,0,1436.7239076336634,-0.0002589207920792063
Trace_1030_125940.csv,1,1436.6282484615385,0.0016959230769230723
Trace_1030_125940.csv,2,1436.9789564761904,-0.005957285714285712
Trace_1030_125940.csv,3,1437.0305793181817,-0.008127537878787878
Trace_1030_130005.csv,0,1078.2112296392786,-0.04155770541082165
Trace_1030_130005.csv,1,1078.0672707917263,-0.0446213694721826
Trace_1030_130030.csv,0,720.1044934124012,0.010675359966708283
Trace_1030_130055.csv,0,359.96232554771785,0.010327195020746888
